<linker>
  <assembly fullname="Assembly-CSharp, Version=0.0.0.0, Culture=neutral, PublicKeyToken=null">
    <type fullname="CharacterCreator2D.CharacterEntity" preserve="all" />
    <type fullname="CharacterCreator2D.CharacterViewer" preserve="all" />
    <type fullname="CharacterCreator2D.Part" preserve="all" />
    <type fullname="CharacterCreator2D.SetupData" preserve="all" />
    <type fullname="CharacterCreator2D.Utilities.Humanoid.HumanoidManager" preserve="all" />
    <type fullname="CharacterCreator2D.Weapon" preserve="all" />
    <type fullname="FighterCombatExitAnimation" preserve="all" />
    <type fullname="FighterController" preserve="all" />
    <type fullname="RudoWeaponController" preserve="all" />
    <type fullname="ShieldSpawnProperties" preserve="all" />
    <type fullname="WeaponSpawnProperties" preserve="all" />
    <type fullname="CharacterCreator2D.BodySegmentScaler" preserve="nothing" serialized="true" />
    <type fullname="CharacterCreator2D.BodyTypeData" preserve="nothing" serialized="true" />
    <type fullname="CharacterCreator2D.EmoteIndex" preserve="nothing" serialized="true" />
    <type fullname="CharacterCreator2D.EmotionList" preserve="nothing" serialized="true" />
    <type fullname="CharacterCreator2D.MaterialData" preserve="nothing" serialized="true" />
    <type fullname="CharacterCreator2D.PartSlot" preserve="nothing" serialized="true" />
    <type fullname="CharacterCreator2D.PositionedObjectData" preserve="nothing" serialized="true" />
    <type fullname="CharacterCreator2D.ScaledObjectData" preserve="nothing" serialized="true" />
    <type fullname="CharacterCreator2D.SegmentData" preserve="nothing" serialized="true" />
    <type fullname="CharacterCreator2D.SlotList" preserve="nothing" serialized="true" />
    <type fullname="CharacterCreator2D.Utilities.Humanoid.HumanoidAssigner" preserve="nothing" serialized="true" />
    <type fullname="CharacterCreator2D.Utilities.Humanoid.HumanoidBaker" preserve="nothing" serialized="true" />
    <type fullname="CharacterCreator2D.Utilities.Humanoid.HumanoidSetter" preserve="nothing" serialized="true" />
    <type fullname="CharacterCreator2D.Utilities.SpritePacker" preserve="nothing" serialized="true" />
  </assembly>
  <assembly fullname="Unity.2D.Animation.Runtime, Version=0.0.0.0, Culture=neutral, PublicKeyToken=null">
    <type fullname="UnityEngine.U2D.Animation.SpriteSkin" preserve="all" />
  </assembly>
  <assembly fullname="Unity.Addressables, Version=0.0.0.0, Culture=neutral, PublicKeyToken=null" preserve="all">
    <type fullname="UnityEngine.AddressableAssets.Addressables" preserve="all" />
  </assembly>
  <assembly fullname="Unity.ResourceManager, Version=0.0.0.0, Culture=neutral, PublicKeyToken=null" preserve="all">
    <type fullname="UnityEngine.ResourceManagement.ResourceProviders.AssetBundleProvider" preserve="all" />
    <type fullname="UnityEngine.ResourceManagement.ResourceProviders.BundledAssetProvider" preserve="all" />
    <type fullname="UnityEngine.ResourceManagement.ResourceProviders.InstanceProvider" preserve="all" />
    <type fullname="UnityEngine.ResourceManagement.ResourceProviders.LegacyResourcesProvider" preserve="all" />
    <type fullname="UnityEngine.ResourceManagement.ResourceProviders.SceneProvider" preserve="all" />
  </assembly>
  <assembly fullname="UnityEngine.AnimationModule, Version=0.0.0.0, Culture=neutral, PublicKeyToken=null">
    <type fullname="UnityEngine.AnimationClip" preserve="all" />
    <type fullname="UnityEngine.Animator" preserve="all" />
    <type fullname="UnityEngine.AnimatorOverrideController" preserve="all" />
    <type fullname="UnityEngine.RuntimeAnimatorController" preserve="all" />
  </assembly>
  <assembly fullname="UnityEngine.CoreModule, Version=0.0.0.0, Culture=neutral, PublicKeyToken=null">
    <type fullname="UnityEngine.GameObject" preserve="all" />
    <type fullname="UnityEngine.Material" preserve="all" />
    <type fullname="UnityEngine.Mesh" preserve="all" />
    <type fullname="UnityEngine.Object" preserve="all" />
    <type fullname="UnityEngine.Rendering.SortingGroup" preserve="all" />
    <type fullname="UnityEngine.Shader" preserve="all" />
    <type fullname="UnityEngine.SkinnedMeshRenderer" preserve="all" />
    <type fullname="UnityEngine.Sprite" preserve="all" />
    <type fullname="UnityEngine.SpriteRenderer" preserve="all" />
    <type fullname="UnityEngine.Texture2D" preserve="all" />
    <type fullname="UnityEngine.Transform" preserve="all" />
    <type fullname="UnityEngine.U2D.SpriteAtlas" preserve="all" />
  </assembly>
  <assembly fullname="UnityEngine.ParticleSystemModule, Version=0.0.0.0, Culture=neutral, PublicKeyToken=null">
    <type fullname="UnityEngine.ParticleSystem" preserve="all" />
    <type fullname="UnityEngine.ParticleSystemRenderer" preserve="all" />
  </assembly>
</linker>